date,new_registered_users,active_users,platform_visits,paid_enrollments,average_price,discount_rate,marketing_spend,revenue
2023-05-01,103,337,727,18,1172.04,0.0775,3164.09,18520.4
2023-05-02,108,397,767,20,1146.97,0.0842,2211.43,20760.46
2023-05-03,118,417,1143,19,1246.22,0.0777,2700.81,21789.59
2023-05-04,121,433,885,19,1174.4,0.0945,2351.27,20212.95
2023-05-05,105,366,812,17,1136.21,0.055,2564.2,17801.64
2023-05-06,98,386,1031,18,1078.08,0.0518,1838.05,18335.05
2023-05-07,85,288,527,8,1131.48,0.065,2458.59,7976.41
2023-05-08,147,485,1353,52,1137.46,0.1338,7132.96,57742.05
2023-05-09,154,539,1406,57,1236.56,0.1077,6975.27,69186.14
2023-05-10,144,584,1765,50,1080.25,0.0961,6546.19,51996.44
2023-05-11,163,649,1664,57,1111.85,0.1448,6733.63,57189.53
2023-05-12,128,548,1149,45,1175.45,0.0678,7151.54,55389.06
2023-05-13,117,466,1164,38,1092.64,0.1087,5713.64,39421.15
2023-05-14,113,472,1121,40,1142.08,0.0991,5654.94,45807.55
2023-05-15,143,465,956,40,1122.48,0.112,6323.45,41434.8
2023-05-16,145,448,1069,42,1125.47,0.1147,6586.2,43710.82
2023-05-17,132,527,1066,54,1134.73,0.0804,6817.67,64894.92
2023-05-18,151,523,1377,55,1075.95,0.144,7179.16,56584.58
2023-05-19,96,302,678,17,1146.27,0.0585,1762.42,18673.08
2023-05-20,90,308,857,13,1177.07,0.0557,2219.72,14845.69
2023-05-21,93,315,749,10,1148.18,0.0671,2935.28,10235.91
2023-05-22,96,324,678,16,1107.63,0.0547,2047.28,14365.67
2023-05-23,111,462,1169,20,1094.01,0.0652,2151.33,18370.93
2023-05-24,105,406,906,20,1106.38,0.0386,2722.29,21184.62
2023-05-25,101,326,777,10,1087.68,0.0888,1290.21,10830.8
2023-05-26,108,369,928,25,1105.74,0.06,2294.83,25560.73
2023-05-27,95,379,870,14,1158.34,0.0667,1965.5,14153.22
2023-05-28,94,375,675,15,1157.56,0.0865,2409.7,15684.73
2023-05-29,104,419,925,20,1114.46,0.0642,1843.26,20139.06
2023-05-30,99,352,840,16,1052.16,0.0414,1739.74,14680.72
2023-05-31,97,417,1153,24,1125.93,0.0845,2477.09,23414.58
2023-06-01,106,362,968,26,1137.36,0.0561,2539.46,29979.9
2023-06-02,101,404,762,16,1131.9,0.081,1889.43,16337.46
2023-06-03,79,328,847,13,1042.55,0.0765,2561.0,10749.5
2023-06-04,77,301,579,15,1068.8,0.0988,1765.67,14448.47
2023-06-05,104,358,875,28,1186.51,0.0427,3777.73,33065.45
2023-06-06,105,399,843,28,1161.25,0.0898,3355.91,32002.86
2023-06-07,113,457,1057,33,1169.45,0.0668,3079.74,37735.2
2023-06-08,103,392,871,22,1260.5,0.0523,2928.23,27319.04
2023-06-09,101,436,1001,33,1168.73,0.0843,3125.33,37922.15
2023-06-10,85,312,715,17,1146.24,0.0717,3680.23,19072.18
2023-06-11,73,339,815,17,1123.95,0.0819,2347.96,16640.17
2023-06-12,90,377,954,20,1078.4,0.0742,1717.38,20002.42
2023-06-13,103,404,1048,8,1086.97,0.0553,1328.1,9596.86
2023-06-14,110,434,1015,21,1066.11,0.0629,2551.28,19864.44
2023-06-15,96,414,843,22,1081.77,0.0403,2203.94,23212.15
2023-06-16,99,421,918,22,1114.45,0.0638,1129.95,23882.11
2023-06-17,77,317,780,12,1046.89,0.0855,2323.71,10504.84
2023-06-18,82,289,759,11,1073.84,0.0496,2260.26,10888.67
2023-06-19,87,287,544,15,1087.35,0.0784,2436.85,14161.42
2023-06-20,96,305,653,12,1105.31,0.0478,1701.07,13334.94
2023-06-21,105,409,1164,24,1054.25,0.0476,1718.12,23477.8
2023-06-22,87,329,812,14,1047.3,0.0733,1814.46,13643.39
2023-06-23,92,316,613,8,1149.31,0.0805,1574.13,7993.84
2023-06-24,75,357,772,15,1130.96,0.0527,2296.7,18041.15
2023-06-25,70,280,751,8,1056.54,0.073,1466.33,10323.15
2023-06-26,98,338,697,16,1071.32,0.0684,1814.73,15300.25
2023-06-27,91,367,1069,21,1062.91,0.0825,1220.86,21378.45
2023-06-28,103,356,843,23,1081.74,0.0482,2493.82,23216.4
2023-06-29,92,360,787,20,1121.24,0.0644,2577.09,21118.73
2023-06-30,88,369,955,21,1071.11,0.0679,2524.9,21279.78
2023-07-01,50,250,631,2,970.59,0.0709,1323.17,3000.0
2023-07-02,48,248,662,4,981.49,0.0591,1375.8,3029.03
2023-07-03,73,323,849,18,948.92,0.0779,3132.16,14544.58
2023-07-04,66,286,756,9,1051.34,0.1187,1295.86,8178.16
2023-07-05,79,377,927,12,1003.06,0.0804,2906.98,10860.99
2023-07-06,68,294,686,8,988.31,0.0835,1311.13,5941.96
2023-07-07,71,272,521,12,1040.2,0.0714,1887.56,11532.31
2023-07-08,59,296,639,16,943.43,0.1014,1850.77,13451.33
2023-07-09,46,230,413,6,992.8,0.1,1895.18,4520.86
2023-07-10,72,262,657,10,1018.77,0.0853,2005.69,9354.13
2023-07-11,69,288,648,12,901.27,0.0889,1797.76,8080.09
2023-07-12,61,320,640,14,958.64,0.0941,1705.63,11954.73
2023-07-13,65,311,810,16,1002.78,0.1117,2653.05,13530.71
2023-07-14,69,332,855,16,1092.4,0.0952,1042.12,16918.53
2023-07-15,57,273,668,8,1081.45,0.084,1729.88,10067.25
2023-07-16,58,281,801,13,964.4,0.0817,1675.14,11259.18
2023-07-17,69,318,672,12,967.46,0.0834,1875.73,10218.5
2023-07-18,74,314,684,10,1017.11,0.0833,1269.19,8991.84
2023-07-19,65,276,577,14,931.09,0.0865,2506.6,11548.02
2023-07-20,63,220,566,12,978.17,0.1261,2019.48,9825.17
2023-07-21,63,286,744,13,942.36,0.0777,1453.77,10537.11
2023-07-22,56,263,542,10,1053.24,0.1098,2591.08,8825.29
2023-07-23,49,283,685,9,948.14,0.0886,1515.42,7934.02
2023-07-24,57,220,516,10,1024.25,0.1147,1812.55,8518.18
2023-07-25,57,273,618,8,963.38,0.0649,1277.43,5909.62
2023-07-26,74,337,829,20,981.78,0.1106,1391.03,15704.85
2023-07-27,66,240,708,14,989.86,0.0814,2079.77,11326.76
2023-07-28,74,274,594,7,1019.34,0.0698,1867.5,6882.73
2023-07-29,57,236,579,8,985.86,0.0917,1586.06,6776.43
2023-07-30,53,259,496,6,935.28,0.085,1332.31,4210.44
2023-07-31,76,272,648,10,964.84,0.0943,2101.51,10314.63
2023-08-01,74,274,738,7,964.04,0.1028,2661.78,5569.04
2023-08-02,79,289,579,17,973.46,0.0878,2417.58,13537.59
2023-08-03,56,274,714,10,1016.91,0.0857,2118.01,9371.39
2023-08-04,60,272,741,6,987.89,0.094,1678.74,5102.11
2023-08-05,55,239,537,5,902.26,0.0833,2189.1,3391.12
2023-08-06,39,222,597,7,990.77,0.0883,1041.73,7037.36
2023-08-07,67,296,652,12,978.0,0.0967,1073.05,10766.88
2023-08-08,57,286,518,9,915.06,0.0835,844.09,7278.44
2023-08-09,59,249,556,12,950.85,0.0859,1207.49,11414.68
2023-08-10,55,245,669,14,1001.06,0.1226,2161.47,10817.86
2023-08-11,71,284,565,12,987.85,0.0689,1805.03,10425.36
2023-08-12,56,269,665,5,949.45,0.1154,1071.7,4546.28
2023-08-13,42,202,385,9,924.15,0.0973,2099.8,7436.24
2023-08-14,51,238,518,10,915.6,0.0427,1720.44,7951.96
2023-08-15,71,286,651,12,960.15,0.0885,1022.93,9339.81
2023-08-16,71,321,654,8,910.24,0.1135,2586.82,5940.0
2023-08-17,62,268,794,12,990.71,0.1037,876.16,10418.97
2023-08-18,76,335,578,10,993.74,0.0707,1999.55,9921.73
2023-08-19,54,212,503,7,949.1,0.0977,1571.34,6376.67
2023-08-20,53,244,656,11,893.5,0.1052,1772.0,7556.58
2023-08-21,69,296,749,12,904.98,0.1033,1841.35,10384.63
2023-08-22,60,252,660,9,975.06,0.1028,1905.31,6515.22
2023-08-23,57,254,513,10,926.91,0.1177,1691.83,8011.95
2023-08-24,70,282,647,13,891.52,0.078,837.43,10445.31
2023-08-25,62,262,682,12,902.2,0.0826,1948.33,11224.09
2023-08-26,51,270,742,9,964.37,0.0874,1500.68,7231.59
2023-08-27,61,271,736,9,963.58,0.0698,1604.33,7039.03
2023-08-28,65,296,688,16,911.45,0.0864,2288.08,14555.03
2023-08-29,55,234,502,6,962.06,0.1101,1349.04,5357.38
2023-08-30,69,346,900,10,948.36,0.0862,2024.96,8134.42
2023-08-31,62,284,699,10,960.42,0.1062,1543.76,8830.94
2023-09-01,188,724,1630,97,1028.29,0.1597,10179.18,106170.07
2023-09-02,152,520,1174,68,1079.99,0.1393,10702.86,78752.15
2023-09-03,164,617,1721,83,1119.45,0.1406,9711.27,97679.74
2023-09-04,188,553,1286,81,1186.71,0.1751,9739.83,98227.62
2023-09-05,201,690,1473,98,1083.53,0.1584,9678.83,111637.5
2023-09-06,194,784,2077,112,1075.1,0.1472,11309.38,128491.62
2023-09-07,187,622,1792,93,1117.63,0.1618,10365.47,107537.81
2023-09-08,199,647,1440,98,1094.51,0.1452,10083.49,111667.89
2023-09-09,165,544,1351,67,1147.43,0.169,10283.92,77392.62
2023-09-10,155,628,1854,85,1056.43,0.1685,10453.93,93599.41
2023-09-11,183,632,1910,101,1158.52,0.1607,9407.37,121426.9
2023-09-12,190,640,1957,100,1149.23,0.172,10506.78,115989.59
2023-09-13,188,624,1509,79,1122.17,0.1169,10376.29,97220.93
2023-09-14,178,655,2123,94,1111.09,0.1583,10082.76,108255.74
2023-09-15,205,679,1606,97,1106.7,0.1688,11116.46,110128.35
2023-09-16,146,638,2005,87,1114.01,0.1648,9911.49,100543.72
2023-09-17,162,638,1667,77,1122.92,0.1748,10700.26,87176.36
2023-09-18,189,757,1706,109,1048.24,0.1367,10804.52,122827.09
2023-09-19,187,717,1738,98,1138.68,0.1779,9432.48,114131.12
2023-09-20,187,750,2119,113,1101.23,0.1564,10720.54,129567.58
2023-09-21,187,587,1773,92,1114.81,0.1612,10065.96,107737.26
2023-09-22,175,743,2148,105,1091.89,0.1621,9780.46,119490.27
2023-09-23,143,563,1486,76,1040.82,0.1789,9765.6,80391.56
2023-09-24,162,561,1576,71,1147.71,0.1722,10408.06,82789.01
2023-09-25,108,418,943,17,1121.83,0.0654,2043.5,18207.17
2023-09-26,121,369,810,17,1152.4,0.0656,1546.15,19297.06
2023-09-27,111,341,641,20,1069.88,0.0482,2553.67,20352.25
2023-09-28,108,367,1018,23,1076.27,0.1068,1782.52,22672.27
2023-09-29,108,426,1170,20,1088.26,0.0721,3166.43,21421.11
2023-09-30,89,315,785,15,1083.26,0.0682,1917.46,15657.59
2023-10-01,81,363,948,14,1086.97,0.0813,2208.31,14597.64
2023-10-02,108,339,641,20,1100.17,0.0378,2836.54,21627.77
2023-10-03,115,504,1245,29,1163.03,0.0666,1780.17,32547.33
2023-10-04,114,408,1051,23,1089.0,0.0761,2164.39,24920.95
2023-10-05,105,415,1101,26,1058.79,0.0351,2113.04,24969.92
2023-10-06,115,367,1004,21,1060.05,0.0574,2017.93,21632.62
2023-10-07,103,473,1304,32,1083.89,0.0548,4592.26,37256.78
2023-10-08,103,461,1305,28,1083.88,0.0907,4494.2,30675.29
2023-10-09,102,421,892,33,1194.47,0.0827,3798.04,39019.64
2023-10-10,119,507,1247,48,1159.5,0.0695,4053.31,57982.59
2023-10-11,121,433,1152,31,1157.24,0.0519,3785.4,38091.29
2023-10-12,117,412,890,42,1120.53,0.0899,4067.13,47129.52
2023-10-13,128,530,1516,40,1177.67,0.0779,3948.93,50277.88
2023-10-14,74,328,889,23,1102.35,0.0393,2039.6,25829.74
2023-10-15,88,325,807,19,1107.47,0.0348,2152.15,22407.35
2023-10-16,106,408,701,17,1124.55,0.0708,1663.43,19189.2
2023-10-17,115,445,918,27,1063.61,0.0773,2608.46,26462.93
2023-10-18,101,356,886,27,1116.32,0.0775,2372.47,30352.16
2023-10-19,106,401,925,24,1040.02,0.072,3163.59,23585.2
2023-10-20,101,380,745,25,1063.5,0.0821,1885.91,27492.17
2023-10-21,86,308,759,18,1101.71,0.0641,2019.21,21142.18
2023-10-22,89,378,884,19,1178.93,0.0778,2144.09,23585.49
2023-10-23,102,340,989,19,1133.92,0.0678,2488.58,19952.36
2023-10-24,105,348,682,17,1099.47,0.0679,1634.37,17336.63
2023-10-25,106,378,1029,20,1181.28,0.0784,1375.46,21451.55
2023-10-26,114,349,966,21,1111.96,0.0599,2566.23,23169.47
2023-10-27,96,395,931,25,1107.07,0.0284,3115.07,29450.14
2023-10-28,91,380,902,20,1095.91,0.0814,2128.07,21709.54
2023-10-29,77,252,511,3,1103.12,0.0558,2119.88,3015.15
2023-10-30,99,342,706,17,1098.17,0.1103,2289.6,17814.62
2023-10-31,97,418,981,20,1073.45,0.0306,2914.15,21839.78
2023-11-01,87,280,706,12,1083.12,0.0656,1051.58,12917.1
2023-11-02,75,275,521,16,1066.84,0.0638,2602.87,13670.54
2023-11-03,96,330,700,11,996.06,0.046,2122.08,11278.56
2023-11-04,68,318,844,11,1053.36,0.076,1238.73,8779.21
2023-11-05,72,261,656,8,1142.54,0.0675,1327.14,6989.15
2023-11-06,79,319,878,15,1046.34,0.047,1377.68,14837.86
2023-11-07,87,334,767,16,952.13,0.0592,2573.04,14344.56
2023-11-08,73,224,558,15,974.79,0.0663,1056.07,12025.15
2023-11-09,84,299,569,16,1014.49,0.0971,2676.61,15612.05
2023-11-10,81,337,760,19,1030.1,0.0751,2144.77,19385.91
2023-11-11,82,317,800,14,1049.2,0.0855,896.73,13485.9
2023-11-12,59,226,500,10,1034.23,0.0653,1030.22,11397.32
2023-11-13,57,234,646,10,1054.67,0.0991,2816.1,8508.43
2023-11-14,92,334,861,12,1042.74,0.0546,2419.76,12560.14
2023-11-15,79,357,991,17,995.27,0.0554,1933.53,16208.45
2023-11-16,75,261,575,12,1064.95,0.053,1222.99,13437.43
2023-11-17,85,361,742,18,1022.55,0.0486,2409.35,16827.28
2023-11-18,67,292,630,10,1093.84,0.0474,1656.77,12311.31
2023-11-19,60,267,580,9,950.61,0.0562,1315.54,6621.23
2023-11-20,114,430,1239,55,1113.33,0.1684,8999.9,59370.33
2023-11-21,131,542,1200,61,1057.07,0.1704,9318.51,62788.66
2023-11-22,123,480,1127,65,1002.78,0.1586,9031.66,61433.66
2023-11-23,115,393,1041,47,1070.61,0.1966,9232.81,49085.24
2023-11-24,121,487,1068,66,1037.32,0.1442,7818.47,67257.81
2023-11-25,103,466,1263,58,1058.62,0.1713,8845.55,60145.57
2023-11-26,98,399,1028,39,1035.63,0.1801,8200.08,39196.1
2023-11-27,122,516,1532,60,1019.04,0.1596,8323.26,59088.33
2023-11-28,136,556,1485,66,1077.81,0.1684,9665.14,66653.39
2023-11-29,125,462,1234,57,1067.17,0.1783,9090.34,58951.63
2023-11-30,135,457,1237,55,1071.32,0.1713,9216.63,57158.87
2023-12-01,85,341,817,14,1065.16,0.0353,2226.04,13939.04
2023-12-02,54,213,487,8,1082.28,0.0533,1613.3,6721.34
2023-12-03,67,237,451,14,1057.21,0.1092,1662.41,12299.45
2023-12-04,78,256,638,16,1039.53,0.0707,1933.35,15906.87
2023-12-05,64,257,664,14,1091.49,0.091,851.87,13157.25
2023-12-06,75,314,718,9,1144.1,0.0576,3042.43,8637.02
2023-12-07,71,250,498,7,1104.3,0.0693,1117.13,7456.73
2023-12-08,94,396,979,19,1121.99,0.0904,1694.72,19359.23
2023-12-09,58,289,753,16,1084.8,0.0823,1748.25,15821.87
2023-12-10,69,292,631,13,1075.92,0.0599,2452.12,13232.69
2023-12-11,84,339,993,22,1078.48,0.0465,2325.12,23241.95
2023-12-12,77,287,594,9,1077.87,0.077,1758.77,11225.17
2023-12-13,80,355,1007,15,1094.56,0.0591,2927.81,15287.21
2023-12-14,73,339,951,15,1080.49,0.0849,1212.04,13661.44
2023-12-15,83,335,694,18,1066.17,0.0683,1728.93,17525.48
2023-12-16,81,357,874,17,1104.22,0.0604,1465.44,17644.18
2023-12-17,71,339,927,13,995.02,0.0458,2827.94,12970.66
2023-12-18,88,300,740,15,1061.89,0.0839,1503.32,14773.61
2023-12-19,72,274,612,21,1097.17,0.0693,2579.87,20892.12
2023-12-20,86,373,1037,10,1133.87,0.0657,1510.26,9862.63
2023-12-21,77,311,661,17,1104.49,0.0598,2295.31,16428.8
2023-12-22,79,369,809,21,1175.56,0.042,2301.05,24949.52
2023-12-23,66,267,755,15,1086.89,0.0693,1650.7,18625.89
2023-12-24,60,306,717,10,1083.89,0.0423,1711.26,10718.61
2023-12-25,46,233,652,9,1091.43,0.0665,2065.85,8229.54
2023-12-26,72,327,620,13,1096.3,0.0763,2009.73,13539.03
2023-12-27,49,247,705,13,1126.35,0.0775,450.0,12858.32
2023-12-28,58,292,630,8,1071.12,0.0665,934.76,7611.52
2023-12-29,43,205,477,9,1092.68,0.0382,1924.8,9132.12
2023-12-30,34,183,491,9,1108.37,0.0469,1484.25,9608.68
2023-12-31,60,319,624,14,1114.21,0.0887,2373.72,13559.56
2024-01-01,104,315,894,15,1115.27,0.0786,2643.89,17248.64
2024-01-02,102,395,777,23,1132.89,0.0719,1959.76,24860.52
2024-01-03,123,399,911,26,1062.95,0.0726,1664.51,26945.26
2024-01-04,102,348,785,23,1177.19,0.0419,2335.11,28589.95
2024-01-05,109,352,939,17,1144.67,0.0665,2257.07,19475.54
2024-01-06,96,351,1008,19,1125.08,0.0641,2380.53,21697.85
2024-01-07,92,390,819,12,1065.41,0.02,733.01,12934.63
2024-01-08,181,673,1538,93,1113.81,0.1698,9520.19,103308.15
2024-01-09,179,542,1765,78,1038.01,0.1576,9233.96,82554.96
2024-01-10,179,637,1480,88,1161.54,0.1426,8783.73,106694.6
2024-01-11,173,697,1840,90,1090.63,0.1212,8755.47,105868.09
2024-01-12,191,626,1600,84,1136.98,0.1371,9199.35,99438.75
2024-01-13,148,584,1327,71,1113.6,0.1209,9416.74,84795.37
2024-01-14,151,548,1309,69,1090.33,0.1096,8736.74,81322.8
2024-01-15,189,696,1625,96,1152.45,0.1472,10568.52,114384.57
2024-01-16,183,712,1708,100,1119.79,0.129,10033.6,119560.09
2024-01-17,173,550,1494,78,1131.0,0.1383,9460.67,93579.17
2024-01-18,170,630,1838,81,1104.9,0.1423,10333.02,94396.9
2024-01-19,189,733,1740,100,1119.74,0.1146,8912.68,122387.57
2024-01-20,159,505,1226,68,1132.56,0.1608,8484.99,78101.13
2024-01-21,152,625,1993,74,1168.22,0.1471,8992.5,89182.12
2024-01-22,187,674,1987,95,1021.51,0.1335,9947.42,103813.13
2024-01-23,186,690,1992,88,1190.01,0.1361,8828.53,110299.1
2024-01-24,193,602,1865,78,1171.47,0.143,8814.09,95836.46
2024-01-25,129,430,1160,21,1117.25,0.0515,2187.84,23135.62
2024-01-26,118,411,974,20,1158.33,0.0704,2585.25,21581.63
2024-01-27,107,431,855,17,1066.28,0.0437,2438.64,18119.54
2024-01-28,97,384,731,18,1134.93,0.0659,1988.54,20832.0
2024-01-29,122,427,933,20,1128.59,0.0453,1449.86,22804.74
2024-01-30,112,353,723,22,1155.5,0.0659,2041.01,25671.0
2024-01-31,119,394,989,17,1185.31,0.0353,871.0,20253.25
2024-02-01,127,448,960,33,1168.77,0.0899,3244.31,34995.8
2024-02-02,120,428,938,18,1097.58,0.0649,2425.44,17937.65
2024-02-03,101,379,782,16,1166.97,0.0476,2189.69,17108.15
2024-02-04,105,411,1235,18,1167.14,0.0542,2114.8,19558.35
2024-02-05,130,443,1005,31,1174.0,0.0626,3760.91,36935.15
2024-02-06,128,509,1246,27,1259.9,0.0676,3498.64,32792.95
2024-02-07,151,474,1123,32,1097.26,0.0758,3861.39,34044.97
2024-02-08,134,432,1024,26,1245.73,0.0427,3477.93,33560.28
2024-02-09,151,458,967,28,1227.51,0.0509,4145.19,34160.49
2024-02-10,110,424,1145,21,1098.33,0.0712,3387.78,21415.3
2024-02-11,121,461,1033,33,1253.44,0.0413,3982.08,40249.59
2024-02-12,122,394,755,24,1146.5,0.0618,3237.55,23890.51
2024-02-13,136,462,910,19,1166.49,0.0851,1688.29,19064.47
2024-02-14,134,457,1030,31,1168.6,0.0796,2891.55,33236.32
2024-02-15,130,404,871,19,1111.26,0.0527,2845.32,20456.15
2024-02-16,131,507,1258,25,1141.17,0.0608,2836.85,26837.07
2024-02-17,103,351,696,15,1116.72,0.0463,2486.21,15316.89
2024-02-18,106,365,1003,15,1107.4,0.0646,1521.38,16507.54
2024-02-19,125,447,1013,24,1162.56,0.069,1935.46,26791.97
2024-02-20,132,479,973,23,1224.3,0.0513,2488.33,31113.68
2024-02-21,135,406,1068,14,1071.4,0.0335,1903.13,17523.32
2024-02-22,128,472,1152,23,1142.42,0.0655,2540.7,24553.68
2024-02-23,134,520,1137,28,1127.66,0.0612,3056.84,30614.47
2024-02-24,110,412,1035,18,1218.73,0.0805,2102.94,19975.77
2024-02-25,112,411,773,12,1245.48,0.0768,1907.28,13729.71
2024-02-26,132,542,1420,31,1099.08,0.0698,3048.49,29833.31
2024-02-27,138,470,1033,23,1199.14,0.0532,2045.97,26058.6
2024-02-28,130,523,1415,29,1197.59,0.068,1755.09,32444.43
2024-02-29,132,417,1164,19,1182.51,0.0486,2623.26,20564.0
2024-03-01,107,453,903,24,1139.41,0.0397,2019.73,26313.88
2024-03-02,94,407,1162,16,1209.49,0.0704,2215.38,17386.63
2024-03-03,96,418,806,15,1144.29,0.059,1916.72,16150.29
2024-03-04,109,338,850,19,1136.03,0.0759,3199.7,18709.3
2024-03-05,105,409,1074,19,1206.89,0.0743,2219.9,21117.37
2024-03-06,110,361,669,17,1171.64,0.0567,2505.34,18440.94
2024-03-07,111,376,946,21,1172.1,0.0426,2152.72,24232.07
2024-03-08,126,507,1251,19,1145.37,0.0704,2540.01,19414.74
2024-03-09,96,384,795,15,1212.36,0.0607,2097.38,17330.07
2024-03-10,101,302,685,5,1206.91,0.0623,1512.73,5486.1
2024-03-11,113,368,993,19,1180.47,0.0863,2014.36,20782.86
2024-03-12,159,584,1382,62,1193.63,0.0984,6506.62,71649.77
2024-03-13,159,533,1642,51,1202.52,0.1035,7199.76,61678.02
2024-03-14,166,513,1447,52,1172.36,0.0975,6790.81,58467.13
2024-03-15,161,644,1983,69,1167.89,0.0938,7057.87,84846.14
2024-03-16,130,551,1441,49,1175.69,0.0994,7252.37,60304.88
2024-03-17,137,574,1408,49,1093.35,0.1177,7241.24,54010.89
2024-03-18,164,666,2017,57,1127.82,0.0994,6484.09,62199.81
2024-03-19,164,630,1570,63,1091.25,0.0948,6538.85,66455.32
2024-03-20,178,589,1434,60,1094.7,0.1172,7309.75,65883.5
2024-03-21,154,582,1217,62,1078.82,0.1028,7487.4,69666.31
2024-03-22,164,624,1523,64,1200.67,0.1371,7559.27,75447.44
2024-03-23,129,533,1558,51,1156.22,0.1129,7354.85,59486.62
2024-03-24,98,380,797,13,1137.66,0.0539,2990.04,13853.3
2024-03-25,116,362,771,24,1199.99,0.0649,2773.21,26868.55
2024-03-26,108,378,971,15,1171.13,0.0692,2320.29,16544.61
2024-03-27,112,460,1187,27,1117.43,0.0699,2325.26,28337.14
2024-03-28,113,362,886,15,1154.09,0.0652,3308.98,14939.77
2024-03-29,106,413,876,19,1239.98,0.0633,2799.8,22237.2
2024-03-30,92,364,1023,17,1181.6,0.0589,2694.32,20847.88
2024-03-31,86,299,621,13,1081.31,0.0624,2455.69,13339.56
2024-04-01,103,431,929,19,1159.3,0.0677,1769.81,21313.01
2024-04-02,124,419,1116,21,1146.47,0.0707,1872.29,22755.39
2024-04-03,98,327,756,16,1267.89,0.0897,2905.89,17759.37
2024-04-04,130,441,1074,27,1104.49,0.0563,2015.58,26661.13
2024-04-05,115,465,1125,24,1166.67,0.0725,2947.12,25805.23
2024-04-06,89,339,874,7,1129.03,0.0911,2396.77,8050.93
2024-04-07,101,330,908,11,1095.27,0.0572,2009.35,9314.24
2024-04-08,129,479,1064,28,1162.55,0.0746,2389.11,29850.75
2024-04-09,115,359,776,20,1241.0,0.0955,2283.97,26952.37
2024-04-10,118,395,1132,21,1111.74,0.0684,2105.74,23132.35
2024-04-11,113,368,784,20,1169.35,0.0462,3595.95,23585.18
2024-04-12,123,437,849,12,1223.9,0.0488,2129.93,15679.7
2024-04-13,93,386,875,14,1146.46,0.076,1958.27,16119.63
2024-04-14,91,370,773,14,1191.38,0.0735,1896.41,14607.09
2024-04-15,112,414,1047,13,1181.3,0.0408,1340.35,14481.58
2024-04-16,117,389,849,24,1112.17,0.0917,2950.33,24191.33
2024-04-17,106,356,700,16,1124.91,0.065,1947.86,18812.92
2024-04-18,113,407,907,19,1192.62,0.0384,1071.86,21360.14
2024-04-19,124,454,1082,21,1152.38,0.0598,2037.79,23228.46
2024-04-20,113,441,1063,20,1171.48,0.065,2500.33,22039.18
2024-04-21,86,359,814,19,1193.17,0.074,1542.73,20913.81
2024-04-22,115,404,834,18,1131.71,0.0869,1826.56,20059.37
2024-04-23,112,389,1080,19,1178.97,0.0733,2837.27,22854.31
2024-04-24,102,337,859,18,1200.89,0.0497,2610.96,21279.06
2024-04-25,114,430,988,21,1110.32,0.0332,2691.32,21597.71
2024-04-26,109,446,1077,26,1195.94,0.0891,2752.43,27648.69
2024-04-27,95,346,874,14,1175.74,0.0544,2058.12,17952.66
2024-04-28,89,335,672,12,1111.39,0.0643,2220.26,13729.38
2024-04-29,124,438,820,23,1194.03,0.074,2312.97,26707.65
2024-04-30,115,410,797,17,1143.56,0.0824,1232.23,17103.54
2024-05-01,106,379,1069,16,1196.31,0.0663,2161.51,19240.6
2024-05-02,111,438,1270,22,1088.79,0.0567,2726.57,22132.42
2024-05-03,115,383,1026,22,1119.15,0.0751,2790.22,22243.57
2024-05-04,96,336,804,15,1220.39,0.0748,1430.79,16906.45
2024-05-05,107,321,918,11,1133.08,0.0851,2398.01,10292.97
2024-05-06,109,337,942,14,1143.22,0.0623,2208.97,14448.96
2024-05-07,101,353,888,17,1266.53,0.0606,1687.41,21355.34
2024-05-08,160,517,1398,48,1084.33,0.1019,6486.94,49432.77
2024-05-09,159,576,1238,52,1078.52,0.0866,7159.75,58189.68
2024-05-10,160,587,1328,57,1102.36,0.0873,6270.31,61401.3
2024-05-11,117,465,1070,40,1157.73,0.097,5919.88,44370.27
2024-05-12,125,435,1018,37,1121.46,0.1071,6460.0,38692.51
2024-05-13,154,658,1417,65,1056.38,0.0817,6864.82,70721.53
2024-05-14,149,530,1505,50,1108.96,0.1015,7116.62,54509.46
2024-05-15,146,455,1116,44,1109.95,0.1094,6027.91,46406.22
2024-05-16,160,652,1890,64,1160.86,0.1096,7566.0,74909.95
2024-05-17,158,561,1530,55,1106.79,0.1025,7351.0,59855.63
2024-05-18,115,408,1005,36,1116.14,0.0824,5441.39,38250.23
2024-05-19,93,382,850,13,1064.96,0.0606,1780.15,12607.09
2024-05-20,116,382,1027,18,1132.76,0.0807,2658.16,19650.01
2024-05-21,105,389,1081,16,1151.79,0.0724,2382.49,17748.55
2024-05-22,100,414,1133,21,1115.86,0.051,2255.88,22694.69
2024-05-23,105,446,1122,24,1136.85,0.0734,2137.21,23886.5
2024-05-24,112,420,988,19,1060.84,0.0735,2883.85,19105.09
2024-05-25,91,375,852,22,1149.71,0.0651,2911.29,22105.27
2024-05-26,85,321,887,15,1070.34,0.0775,1532.08,14621.13
2024-05-27,107,359,943,20,1148.07,0.0804,2425.2,21588.62
2024-05-28,96,387,1095,22,1141.89,0.066,1561.03,22186.41
2024-05-29,107,346,1025,20,1151.89,0.0687,2036.28,19828.06
2024-05-30,111,389,944,23,1148.98,0.0732,2718.92,27393.57
2024-05-31,102,454,1094,28,1083.68,0.0689,3018.8,28667.66
2024-06-01,88,350,730,12,1025.3,0.0776,1883.37,9306.05
2024-06-02,83,295,646,20,1081.39,0.0526,1320.59,19522.39
2024-06-03,98,383,839,18,1056.12,0.0923,2665.0,16908.17
2024-06-04,107,472,1040,23,1052.64,0.028,2075.38,23310.87
2024-06-05,108,409,874,24,1126.66,0.0653,2298.02,27775.15
2024-06-06,113,406,947,34,1178.5,0.0609,3390.02,39797.25
2024-06-07,121,447,901,28,1131.51,0.0717,2603.42,31451.5
2024-06-08,87,374,969,22,1123.69,0.0358,2611.23,25197.88
2024-06-09,101,347,989,21,1156.25,0.0527,3149.49,23824.12
2024-06-10,126,433,887,29,1113.89,0.0831,2974.84,30054.72
2024-06-11,106,389,897,16,1087.22,0.0536,3130.01,16374.67
2024-06-12,102,389,971,18,1137.12,0.0518,2146.32,19542.14
2024-06-13,105,382,755,23,1080.42,0.0537,1613.58,23596.82
2024-06-14,97,375,734,15,1084.7,0.0571,1097.54,14712.64
2024-06-15,81,326,633,13,1071.86,0.0691,1727.59,14026.57
2024-06-16,90,418,946,18,1100.96,0.0401,1518.54,19935.59
2024-06-17,103,469,915,17,1114.23,0.0633,1526.27,20089.54
2024-06-18,92,360,687,18,1160.9,0.083,3151.43,18647.5
2024-06-19,94,359,946,12,1078.28,0.0467,1787.1,13195.7
2024-06-20,96,325,646,16,1135.18,0.0672,2488.11,17157.37
2024-06-21,102,379,806,15,1073.12,0.0737,2815.2,14856.04
2024-06-22,82,277,623,9,1023.45,0.0544,1110.56,7142.17
2024-06-23,86,337,810,16,1121.34,0.0685,2272.06,16627.96
2024-06-24,100,352,860,17,1098.95,0.0422,2338.69,17357.14
2024-06-25,106,360,1013,14,1068.25,0.0474,2103.26,13880.85
2024-06-26,79,344,852,20,1132.83,0.0674,2301.39,20816.05
2024-06-27,99,353,927,14,1085.93,0.0809,2103.08,15660.33
2024-06-28,84,290,575,16,1069.22,0.0702,591.02,16279.08
2024-06-29,91,314,751,12,1055.07,0.0897,666.61,10861.86
2024-06-30,82,328,666,14,1015.54,0.0924,2584.4,15170.28
2024-07-01,71,285,693,10,951.33,0.0734,1004.14,7547.99
2024-07-02,64,242,622,7,1055.98,0.0984,1930.76,6020.2
2024-07-03,65,287,606,15,875.78,0.0813,1685.69,13961.49
2024-07-04,64,295,636,6,965.73,0.0753,2022.29,5690.45
2024-07-05,78,272,608,13,1059.86,0.0717,1846.81,13280.06
2024-07-06,52,260,473,16,1017.74,0.0736,3210.18,13388.01
2024-07-07,67,333,812,8,1017.21,0.0989,2116.27,7066.39
2024-07-08,62,260,726,8,1024.28,0.0904,1819.19,7232.66
2024-07-09,74,316,740,15,927.06,0.0863,2373.08,14424.33
2024-07-10,77,276,672,8,1017.93,0.0997,1572.29,8540.29
2024-07-11,68,255,634,12,988.69,0.0564,2457.34,11194.65
2024-07-12,73,287,616,11,979.3,0.1227,1859.3,10194.18
2024-07-13,45,222,544,11,989.52,0.1036,973.24,9291.77
2024-07-14,69,311,616,9,1039.73,0.1,2011.58,8184.63
2024-07-15,60,287,700,11,988.43,0.0764,1110.82,9441.05
2024-07-16,71,279,744,14,947.73,0.1137,2398.26,11451.35
2024-07-17,72,317,690,14,1035.47,0.0754,2144.19,12834.25
2024-07-18,71,313,632,13,965.39,0.0936,1340.56,11467.33
2024-07-19,71,269,536,16,1043.26,0.1,2077.5,14473.52
2024-07-20,56,284,622,7,1013.57,0.1033,1789.01,5216.9
2024-07-21,57,248,595,7,977.02,0.0784,2642.23,5555.02
2024-07-22,59,274,515,9,966.01,0.0562,1723.73,7936.13
2024-07-23,61,303,663,10,960.36,0.1044,1860.14,8814.44
2024-07-24,64,296,781,19,980.24,0.1082,2599.91,13619.69
2024-07-25,58,293,657,12,969.72,0.0499,2277.14,12499.92
2024-07-26,73,360,932,16,1015.12,0.0643,2187.01,12462.0
2024-07-27,51,241,542,17,1055.94,0.0866,2259.53,15825.39
2024-07-28,64,288,854,11,959.76,0.0745,1505.14,8400.8
2024-07-29,68,313,827,17,1010.61,0.0942,1221.63,13372.86
2024-07-30,75,270,624,17,974.69,0.1027,1513.33,14482.28
2024-07-31,60,267,729,10,979.79,0.1205,1655.64,7418.5
2024-08-01,60,263,709,9,947.62,0.0748,950.5,6655.36
2024-08-02,70,277,745,17,974.1,0.0916,2290.96,14607.3
2024-08-03,47,198,592,8,1049.42,0.0786,1678.93,7048.19
2024-08-04,60,256,622,5,1010.77,0.0825,1708.27,3802.26
2024-08-05,72,315,760,9,977.39,0.1163,1893.64,7430.04
2024-08-06,66,280,645,11,983.38,0.1066,2403.08,9436.76
2024-08-07,69,342,825,16,992.99,0.0828,2026.64,14080.1
2024-08-08,63,309,723,15,960.49,0.0817,2861.5,11638.9
2024-08-09,70,291,823,13,915.0,0.1157,1685.91,9075.45
2024-08-10,55,273,624,12,987.89,0.1271,1418.7,11791.77
2024-08-11,57,250,462,13,923.59,0.0879,623.29,11900.76
2024-08-12,61,307,794,9,985.26,0.0961,2637.87,6572.45
2024-08-13,68,292,533,10,1033.17,0.0684,1551.2,8900.14
2024-08-14,73,294,667,11,1002.67,0.1095,815.26,9911.33
2024-08-15,65,275,706,8,898.0,0.1069,2746.21,6289.72
2024-08-16,63,292,636,10,982.8,0.1111,2759.19,10542.38
2024-08-17,61,256,507,11,915.55,0.0816,1246.32,8917.79
2024-08-18,52,246,524,15,1001.72,0.0717,1458.95,13741.03
2024-08-19,55,219,522,9,976.02,0.0993,2060.36,6976.33
2024-08-20,62,229,390,10,987.33,0.1029,1628.15,10376.6
2024-08-21,76,338,620,12,924.53,0.0986,1998.77,9650.9
2024-08-22,65,312,711,16,944.24,0.0772,1199.14,13677.21
2024-08-23,86,339,880,14,997.49,0.1049,1440.32,11688.41
2024-08-24,59,261,540,10,931.61,0.0964,1817.25,10080.95
2024-08-25,56,279,563,13,946.69,0.0564,2318.02,12320.91
2024-08-26,66,278,719,17,872.87,0.0949,2006.87,12156.1
2024-08-27,60,255,525,6,907.97,0.0838,1299.29,4835.37
2024-08-28,81,295,677,14,987.99,0.1034,1974.82,11582.43
2024-08-29,69,320,773,12,950.4,0.0895,2161.66,10601.52
2024-08-30,76,290,620,10,1036.41,0.0849,3051.71,10536.29
2024-08-31,42,231,553,1,938.16,0.1315,450.0,3000.0
2024-09-01,157,636,1733,88,1099.44,0.1594,10716.71,100941.12
2024-09-02,207,806,2209,115,1074.82,0.1474,11545.25,131660.81
2024-09-03,192,658,1838,93,1063.75,0.1597,10225.4,101794.95
2024-09-04,196,709,1704,107,1158.42,0.1724,10264.58,126662.56
2024-09-05,198,718,2006,99,1082.2,0.1205,10714.98,116209.3
2024-09-06,190,669,1854,96,1117.14,0.1605,10167.46,110347.03
2024-09-07,160,508,1234,59,1193.81,0.1638,10480.47,72791.48
2024-09-08,155,569,1756,73,1073.52,0.14,10432.8,82216.6
2024-09-09,192,614,1553,94,1067.18,0.1581,10842.92,103338.96
2024-09-10,196,635,1594,81,1122.46,0.1322,10100.91,107677.19
2024-09-11,202,777,2053,105,1219.65,0.1532,9268.13,134073.68
2024-09-12,190,784,2008,113,1125.95,0.1438,10504.41,133265.65
2024-09-13,198,665,1598,88,1111.5,0.1347,10176.1,104479.86
2024-09-14,153,498,1470,68,1116.03,0.1756,10427.9,76484.29
2024-09-15,158,647,1839,84,1022.25,0.1766,10758.96,88236.24
2024-09-16,180,583,1333,83,1062.06,0.1488,9289.38,93103.19
2024-09-17,191,609,1579,87,1071.49,0.1364,9954.92,99133.01
2024-09-18,192,674,1691,96,1039.61,0.13,10739.7,105162.02
2024-09-19,192,664,1632,88,1114.75,0.1321,10555.45,104167.13
2024-09-20,188,729,2114,104,1073.63,0.1678,8890.71,114118.63
2024-09-21,176,591,1635,72,1103.74,0.1546,10694.07,83108.89
2024-09-22,160,590,1568,73,1089.06,0.1663,9970.4,80132.61
2024-09-23,197,589,1773,75,1153.81,0.1196,10271.2,94394.83
2024-09-24,199,694,2057,100,1089.34,0.1533,11034.21,113171.75
2024-09-25,116,404,1131,32,1063.51,0.1141,3821.41,32905.46
2024-09-26,119,437,951,21,1074.88,0.0686,2128.87,23075.86
2024-09-27,108,427,1045,23,1132.69,0.073,2126.34,26619.47
2024-09-28,88,376,841,22,1030.67,0.0643,822.07,21950.95
2024-09-29,103,362,910,14,1101.64,0.0482,1888.82,15925.23
2024-09-30,113,396,923,24,1065.24,0.0744,2680.58,23559.39
2024-10-01,111,402,1005,19,1076.01,0.075,2236.13,19758.89
2024-10-02,123,485,1187,21,1092.15,0.0367,1653.49,22072.45
2024-10-03,111,426,1163,32,1076.36,0.0936,1375.12,31868.7
2024-10-04,102,414,1040,29,1101.84,0.0652,2174.05,34225.8
2024-10-05,97,310,647,23,1131.86,0.04,2440.9,26582.79
2024-10-06,90,293,635,15,1055.76,0.0793,1689.67,16114.68
2024-10-07,118,463,1256,34,1187.83,0.0634,3419.54,40469.86
2024-10-08,140,468,1298,28,1094.66,0.0558,3880.73,31237.84
2024-10-09,138,538,1269,46,1098.58,0.0646,4555.05,54191.38
2024-10-10,134,479,955,33,1122.85,0.069,3809.13,39447.05
2024-10-11,133,527,1480,46,1187.79,0.0629,4478.04,58188.05
2024-10-12,119,466,1224,32,1125.35,0.0344,3197.49,39208.23
2024-10-13,111,382,858,28,1231.5,0.0662,4440.85,34644.27
2024-10-14,109,446,989,23,1091.43,0.0676,1999.36,24051.65
2024-10-15,110,430,981,16,1151.26,0.0542,3188.61,17321.12
2024-10-16,100,387,992,22,1233.62,0.0631,1940.44,26250.96
2024-10-17,115,404,998,27,1166.62,0.0643,2540.21,33027.63
2024-10-18,111,422,1201,18,1177.31,0.0688,2049.95,21195.66
2024-10-19,94,355,1023,16,1094.86,0.0773,1348.2,16669.48
2024-10-20,81,334,879,13,1098.32,0.054,2556.48,14387.02
2024-10-21,113,425,818,20,1171.21,0.0697,1689.43,23764.45
2024-10-22,107,388,907,16,1152.67,0.0784,1904.0,16626.58
2024-10-23,109,371,1005,15,1160.16,0.0504,1800.82,15673.67
2024-10-24,107,412,1064,19,1091.69,0.074,3020.37,19778.51
2024-10-25,110,412,1173,30,1090.18,0.0636,2659.97,34244.69
2024-10-26,81,281,589,17,1125.95,0.0799,2701.0,19181.59
2024-10-27,97,390,730,18,1072.91,0.0683,1620.85,17623.05
2024-10-28,109,361,755,19,1118.54,0.074,2372.37,20839.69
2024-10-29,105,436,1105,20,1046.12,0.0952,1674.81,19688.13
2024-10-30,117,401,838,21,1077.15,0.0711,2800.1,21938.83
2024-10-31,109,414,856,21,1194.46,0.0645,2202.63,25080.85
2024-11-01,86,316,873,25,1033.24,0.057,2070.57,23522.57
2024-11-02,77,249,518,6,1009.17,0.065,701.68,5663.72
2024-11-03,81,311,912,12,1108.1,0.0303,1972.12,12491.52
2024-11-04,82,352,674,17,1072.1,0.0888,1509.74,16053.01
2024-11-05,84,344,723,16,985.09,0.0787,1818.11,14038.76
2024-11-06,85,354,742,17,1070.39,0.0605,1408.05,18041.15
2024-11-07,77,290,742,15,1004.56,0.045,1913.35,13743.97
2024-11-08,81,342,820,17,1042.21,0.0578,2806.43,17509.95
2024-11-09,64,312,802,18,1065.07,0.0967,2554.56,15571.12
2024-11-10,64,285,655,8,1088.65,0.0689,2340.07,8085.08
2024-11-11,91,316,690,13,1052.3,0.0776,2252.13,12812.96
2024-11-12,98,411,966,22,1038.11,0.0803,1707.1,20846.11
2024-11-13,86,362,784,7,1002.1,0.0736,1578.25,6654.06
2024-11-14,78,286,625,11,1058.85,0.0668,1401.29,10707.27
2024-11-15,86,322,752,13,1107.1,0.0591,2356.74,14074.84
2024-11-16,74,305,570,12,1085.94,0.0812,2337.33,11693.89
2024-11-17,72,298,713,12,1130.68,0.0456,2292.3,13372.13
2024-11-18,81,285,642,16,1051.59,0.0559,1089.56,14904.67
2024-11-19,92,300,802,11,1059.37,0.0481,1800.0,11537.63
2024-11-20,138,507,1265,63,1073.34,0.162,8253.9,64180.87
2024-11-21,127,533,1393,65,977.29,0.18,8575.54,60333.18
2024-11-22,135,464,1194,61,1034.78,0.1463,9096.58,61039.36
2024-11-23,98,387,1277,39,1035.88,0.1822,8887.78,39039.11
2024-11-24,108,448,1395,60,1106.43,0.2014,9464.84,63033.4
2024-11-25,134,477,1213,63,1070.67,0.1763,8795.57,63067.27
2024-11-26,135,618,1591,77,1030.82,0.1601,8090.41,76899.54
2024-11-27,144,558,1623,71,1035.23,0.1837,9469.15,69813.4
2024-11-28,132,439,1063,51,1064.21,0.1584,8835.83,53053.45
2024-11-29,129,540,1407,61,1008.7,0.1575,9008.31,58875.47
2024-11-30,116,465,989,58,1085.97,0.1546,8101.7,61682.23
2024-12-01,57,267,598,14,1082.89,0.0703,1774.84,14006.88
2024-12-02,86,342,816,15,1016.89,0.0852,1271.12,13818.77
2024-12-03,82,267,713,12,1078.13,0.0626,1176.36,10693.09
2024-12-04,82,311,814,15,1132.89,0.0942,2819.14,15060.02
2024-12-05,81,342,639,19,1087.75,0.0724,3414.01,19046.66
2024-12-06,80,318,718,17,1013.76,0.065,2984.55,16275.68
2024-12-07,64,298,647,9,1087.15,0.0386,1407.28,10527.37
2024-12-08,71,304,813,17,1068.8,0.0762,1157.35,16824.74
2024-12-09,94,403,1044,19,1077.45,0.0415,2381.88,20415.63
2024-12-10,81,358,925,13,1077.36,0.0342,1076.92,14225.04
2024-12-11,89,386,787,15,1021.6,0.0692,1452.69,12066.4
2024-12-12,99,408,891,22,1100.61,0.0941,3306.65,21900.76
2024-12-13,80,341,685,14,1135.37,0.0912,3121.2,15767.64
2024-12-14,65,305,687,4,1125.72,0.075,2520.25,3549.77
2024-12-15,62,284,773,6,1057.65,0.0556,1718.08,6690.95
2024-12-16,88,349,786,21,1094.26,0.0668,1845.69,24017.95
2024-12-17,85,327,826,15,1124.6,0.046,1926.56,15513.34
2024-12-18,92,393,878,14,1047.56,0.0586,1981.56,12535.48
2024-12-19,82,392,869,10,1081.55,0.0855,1794.66,8825.44
2024-12-20,88,382,774,21,1065.08,0.0358,1924.97,21651.37
2024-12-21,66,311,662,11,1054.92,0.0651,1595.93,9767.33
2024-12-22,61,244,659,10,1012.64,0.0673,1685.95,8041.58
2024-12-23,79,274,652,16,1087.01,0.0817,2428.41,16094.9
2024-12-24,57,295,658,16,1081.11,0.0938,2701.12,15810.47
2024-12-25,47,259,776,14,1108.5,0.0509,1683.07,16354.58
2024-12-26,56,229,525,14,1085.62,0.0758,1449.1,13920.88
2024-12-27,48,277,649,10,1113.63,0.0715,1917.4,9687.59
2024-12-28,43,203,357,8,1125.69,0.064,2102.01,8095.97
2024-12-29,55,268,768,7,1090.14,0.0548,694.2,6090.72
2024-12-30,62,248,591,10,993.21,0.0456,1045.44,10899.5
2024-12-31,66,283,549,12,1120.81,0.0399,1877.77,12912.77
2025-01-01,105,375,881,20,1064.18,0.0658,2531.47,19669.37
2025-01-02,121,437,1144,24,1063.77,0.0564,2417.15,23028.66
2025-01-03,106,390,1072,19,1123.46,0.0521,1808.37,21351.25
2025-01-04,89,273,704,17,1088.73,0.0647,2378.23,18409.35
2025-01-05,96,401,1005,21,1126.05,0.0669,2689.01,21537.73
2025-01-06,112,424,828,22,1143.75,0.0484,1568.13,25496.47
2025-01-07,117,338,863,17,1050.17,0.0818,2111.92,15780.36
2025-01-08,189,607,1368,80,1111.7,0.1474,9245.09,93857.64
2025-01-09,175,579,1610,78,1122.13,0.1721,8550.75,99498.76
2025-01-10,187,618,1609,83,1163.07,0.1301,9251.66,102064.31
2025-01-11,156,556,1710,73,1120.85,0.1815,10158.96,80942.62
2025-01-12,154,584,1685,68,1188.46,0.1189,10273.31,87502.71
2025-01-13,190,609,1401,89,1062.9,0.1773,9295.64,94411.9
2025-01-14,183,566,1515,80,1093.63,0.145,9713.32,92488.08
2025-01-15,186,598,1396,84,1148.84,0.115,10133.89,104585.2
2025-01-16,183,673,1938,87,1169.14,0.1274,10203.91,107015.48
2025-01-17,191,701,1654,89,996.03,0.1268,8942.68,93887.07
2025-01-18,151,547,1297,73,1187.86,0.131,9109.42,93440.56
2025-01-19,151,529,1325,74,1089.96,0.1346,9439.77,83475.67
2025-01-20,188,605,1472,85,1127.56,0.1436,9258.2,99153.55
2025-01-21,195,580,1451,78,1106.82,0.1503,9659.36,89976.57
2025-01-22,201,667,1846,98,1089.26,0.1489,8924.24,111183.11
2025-01-23,188,671,1659,97,1162.13,0.1267,9592.17,120456.41
2025-01-24,203,822,1994,108,1128.86,0.1751,9059.44,121518.52
2025-01-25,105,392,961,19,1118.62,0.0801,2182.67,21509.76
2025-01-26,102,344,959,16,1124.01,0.0424,3121.07,19212.29
2025-01-27,112,450,1115,30,1158.52,0.071,1919.52,35886.38
2025-01-28,116,478,1420,34,1113.71,0.0863,1727.82,35144.66
2025-01-29,125,505,927,39,1129.9,0.0716,3146.2,42824.3
2025-01-30,114,417,957,25,1189.78,0.0706,1623.97,28026.57
2025-01-31,124,377,1020,22,1175.68,0.054,2447.93,25048.38
2025-02-01,111,398,1073,19,1100.36,0.0789,2159.86,19215.72
2025-02-02,94,315,701,15,1123.0,0.0871,1766.61,16459.73
2025-02-03,132,392,744,16,1141.04,0.0868,3398.91,17066.73
2025-02-04,129,457,1032,16,1144.6,0.0518,1938.0,16031.98
2025-02-05,139,469,1222,34,1132.89,0.0607,3214.85,38380.63
2025-02-06,152,475,1103,25,1152.78,0.0659,2698.69,31271.29
2025-02-07,158,541,987,43,1219.29,0.0587,4155.42,52866.82
2025-02-08,122,519,1400,23,1174.44,0.0663,3848.23,27862.21
2025-02-09,119,388,840,17,1218.91,0.0567,3916.2,21695.23
2025-02-10,148,477,1138,35,1148.95,0.056,4022.57,41093.01
2025-02-11,149,535,1437,31,1211.28,0.0508,3880.62,39055.81
2025-02-12,144,419,822,21,1145.1,0.0485,2089.21,23471.78
2025-02-13,130,471,1194,17,1198.3,0.0828,1862.83,17844.05
2025-02-14,126,357,793,16,1119.9,0.0409,3448.58,19328.11
2025-02-15,115,370,1026,16,1145.49,0.0582,2328.0,18013.42
2025-02-16,107,362,941,17,1136.35,0.0852,2256.63,16374.39
2025-02-17,136,445,817,23,1164.08,0.0622,687.28,22945.97
2025-02-18,131,469,1236,31,1150.15,0.071,2494.93,33697.94
2025-02-19,128,492,933,27,1219.95,0.0327,3394.31,30076.3
2025-02-20,137,514,1188,35,1223.84,0.0716,2736.43,38474.94
2025-02-21,127,460,862,24,1142.95,0.0795,2447.58,24227.6
2025-02-22,114,462,1210,21,1094.31,0.0615,2011.25,21773.36
2025-02-23,122,464,879,7,1098.66,0.0618,1388.64,7460.8
2025-02-24,137,474,1112,18,1220.48,0.055,2039.82,20334.22
2025-02-25,135,408,796,24,1151.23,0.0698,2450.3,24441.31
2025-02-26,146,544,1192,27,1117.62,0.0494,1739.93,28480.06
2025-02-27,148,451,1278,20,1188.64,0.0776,2370.92,22144.54
2025-02-28,135,490,1040,27,1151.25,0.0656,3164.4,29596.13
2025-03-01,97,390,967,13,1167.05,0.0437,1383.24,13700.33
2025-03-02,87,289,535,9,1094.81,0.0475,1549.59,11377.21
2025-03-03,100,347,710,14,1115.45,0.0219,1806.13,16128.91
2025-03-04,117,374,1014,25,1156.74,0.0982,1622.67,25300.24
2025-03-05,98,374,749,16,1140.69,0.0737,2573.63,18894.48
2025-03-06,113,390,754,22,1090.06,0.0496,2560.04,24040.37
2025-03-07,104,338,734,19,1170.82,0.0571,1610.28,20019.66
2025-03-08,93,381,747,16,1121.09,0.0464,920.07,17081.54
2025-03-09,91,368,941,20,1129.06,0.0641,1335.6,19655.43
2025-03-10,114,387,759,23,1145.56,0.0698,2788.44,23324.72
2025-03-11,122,474,1362,26,1170.54,0.0794,1891.35,28827.95
2025-03-12,165,565,1474,57,1106.2,0.0918,7328.77,65996.93
2025-03-13,175,527,1518,46,1198.82,0.0896,7251.31,58037.84
2025-03-14,154,613,1725,67,1151.59,0.1178,7440.14,75116.11
2025-03-15,144,573,1348,49,1117.47,0.1369,7397.41,53619.8
2025-03-16,134,503,1234,41,1160.76,0.129,6674.93,43915.45
2025-03-17,177,582,1396,48,1126.8,0.1175,5772.24,49716.18
2025-03-18,168,541,1298,55,1171.61,0.0995,7727.97,64838.37
2025-03-19,159,509,1381,53,1213.78,0.1308,7932.53,63059.99
2025-03-20,154,570,1502,56,1060.29,0.1331,6673.09,57179.56
2025-03-21,152,483,1041,50,1138.55,0.1169,6991.68,57712.91
2025-03-22,132,476,1207,42,1238.26,0.1057,6737.29,48769.94
2025-03-23,145,597,1191,55,1158.6,0.1177,6552.66,61158.77
2025-03-24,125,466,1176,19,1136.77,0.0542,2285.08,20553.51
2025-03-25,119,389,776,23,1087.21,0.0434,1606.05,24266.5
2025-03-26,109,358,752,19,1188.9,0.0655,2040.63,20053.06
2025-03-27,117,451,1072,20,1140.1,0.0494,2248.64,21252.26
2025-03-28,119,460,861,28,1154.33,0.0645,2890.33,29159.46
2025-03-29,92,395,776,20,1163.76,0.0737,1828.48,20384.51
2025-03-30,94,396,929,13,1099.1,0.0887,1501.29,12954.21
2025-03-31,113,360,1020,22,1218.84,0.0887,3350.58,24405.29
2025-04-01,125,392,865,18,1105.52,0.089,1661.52,17932.25
2025-04-02,109,361,920,15,1202.78,0.0553,1961.58,15259.37
2025-04-03,118,425,1091,17,1168.28,0.0864,1538.11,18198.44
2025-04-04,135,504,1386,22,1193.28,0.0818,2048.7,23369.56
2025-04-05,91,311,608,15,1166.76,0.0828,1299.33,14710.61
2025-04-06,99,367,937,16,1141.32,0.0463,1458.47,18333.53
2025-04-07,115,427,984,20,1214.56,0.0478,2812.11,21808.06
2025-04-08,124,505,1301,23,1237.16,0.0867,2308.55,26400.69
2025-04-09,111,389,935,12,1181.57,0.0504,2319.67,13972.08
2025-04-10,107,344,922,14,1242.46,0.069,2855.3,17737.61
2025-04-11,127,494,1069,25,1173.83,0.0843,2324.26,25752.04
2025-04-12,92,383,776,18,1117.34,0.082,2029.85,19060.51
2025-04-13,105,424,1113,13,1232.45,0.0525,1207.87,13694.89
2025-04-14,121,438,1188,27,1119.73,0.1013,2366.88,27650.48
2025-04-15,130,405,958,23,1214.01,0.0414,3209.04,25512.09
2025-04-16,121,502,1377,24,1183.26,0.0378,2157.23,26104.55
2025-04-17,130,454,974,28,1103.77,0.0401,2829.92,29002.66
2025-04-18,125,373,874,21,1142.63,0.0608,1729.0,22894.06
2025-04-19,95,335,700,12,1128.47,0.0703,2222.68,13870.09
2025-04-20,103,407,825,23,1088.65,0.0327,1669.54,23200.0
2025-04-21,122,444,900,17,1115.02,0.0519,2162.48,17738.81
2025-04-22,128,468,948,19,1113.95,0.0568,1859.97,20390.25
2025-04-23,125,401,771,16,1156.57,0.0555,1984.66,19157.63
2025-04-24,125,451,1084,24,1216.7,0.0782,2301.28,28340.1
2025-04-25,117,391,810,20,1183.15,0.0286,1422.81,23023.37
2025-04-26,93,358,1028,15,1143.05,0.0495,2186.48,16997.71
2025-04-27,111,403,1046,19,1161.56,0.075,2832.94,20523.33
2025-04-28,122,417,948,24,1118.11,0.0495,2497.51,26979.94
2025-04-29,123,463,1267,23,1169.73,0.0486,1867.94,25246.97
2025-04-30,128,442,894,19,1178.03,0.0734,2134.41,21227.06
2025-05-01,117,448,998,19,1150.51,0.0926,2610.05,20028.59
2025-05-02,126,483,1115,17,1068.89,0.0409,1347.1,15924.65
2025-05-03,101,331,919,16,1180.97,0.0541,1374.55,16814.89
2025-05-04,91,368,1029,11,1131.1,0.045,1643.42,11860.84
2025-05-05,119,431,908,22,1059.46,0.0575,1469.94,22871.2
2025-05-06,111,418,918,21,1108.97,0.051,1735.68,20385.15
2025-05-07,125,492,993,24,1195.9,0.1014,2579.0,24586.61
2025-05-08,149,643,1814,58,1094.69,0.0812,6986.43,66503.9
2025-05-09,155,547,1461,56,1196.03,0.1165,7341.59,67265.56
2025-05-10,128,487,1136,43,1075.25,0.1022,5998.87,45414.04
2025-05-11,124,423,1194,39,1101.09,0.0965,6109.87,40908.37
2025-05-12,157,487,1540,41,1117.71,0.1062,6761.91,44665.61
2025-05-13,163,548,1404,48,1124.77,0.0996,7741.53,53960.65
2025-05-14,157,597,1727,53,1147.44,0.0968,6084.67,58182.44
2025-05-15,160,500,1378,46,1111.14,0.0957,5639.65,49705.08
2025-05-16,154,503,1021,45,1096.87,0.0958,6427.71,49419.08
2025-05-17,129,535,1615,48,1085.3,0.0889,5111.21,49999.85
2025-05-18,131,425,1007,40,1109.97,0.1331,5881.17,38908.09
2025-05-19,122,431,1169,24,1169.17,0.0753,2322.25,27590.12
2025-05-20,107,393,816,19,1054.8,0.0676,1937.11,19137.49
2025-05-21,123,483,1007,23,1147.14,0.0916,2687.52,24125.31
2025-05-22,105,395,1087,17,1083.15,0.0708,1444.96,18195.13
2025-05-23,111,404,917,20,1164.2,0.0604,2322.65,21621.43
2025-05-24,93,390,1007,20,1165.76,0.0398,2120.39,23778.04
2025-05-25,89,291,781,14,1103.48,0.0463,1649.55,15559.62
2025-05-26,106,335,612,14,1143.3,0.0676,1954.04,14767.54
2025-05-27,113,466,1213,24,1140.58,0.0691,2278.21,24786.25
2025-05-28,111,409,824,18,1175.32,0.0505,1339.78,21745.29
2025-05-29,108,370,924,17,1089.86,0.0658,2471.42,18210.18
2025-05-30,92,420,895,15,1106.81,0.0608,1366.2,16017.64
2025-05-31,96,436,974,16,1039.89,0.0635,911.24,14337.32
2025-06-01,88,326,652,13,1087.73,0.0695,2616.01,13060.58
2025-06-02,95,347,732,15,1071.17,0.0574,1818.76,13907.83
2025-06-03,100,396,1078,17,1178.65,0.0485,1750.41,18742.75
2025-06-04,117,440,1207,14,1198.85,0.0628,1104.86,17201.34
2025-06-05,139,426,1002,27,1140.15,0.0362,4070.51,30640.7
2025-06-06,117,409,1002,27,1107.78,0.0665,4486.5,29781.47
2025-06-07,101,420,1206,21,1149.69,0.0449,2321.52,25545.6
2025-06-08,103,429,1192,23,1107.36,0.0747,2669.38,26763.31
2025-06-09,127,457,1288,29,1168.6,0.0525,3266.83,33313.86
2025-06-10,129,484,1434,33,1111.81,0.0499,2812.96,37296.67
2025-06-11,107,416,1211,24,1141.34,0.0745,2416.76,26958.9
2025-06-12,99,308,668,12,1135.01,0.0664,2264.2,11138.89
2025-06-13,107,447,1261,21,1098.08,0.0481,2626.79,20999.0
2025-06-14,89,338,665,14,1065.46,0.0757,2634.31,16088.8
2025-06-15,91,334,782,7,1056.94,0.0481,1183.9,6324.6
2025-06-16,115,406,942,23,1080.86,0.0672,1865.2,23743.93
2025-06-17,105,415,991,24,1042.84,0.069,2346.97,23217.93
2025-06-18,101,320,799,15,1126.41,0.02,1704.39,15893.0
2025-06-19,111,406,877,22,1079.82,0.0748,1005.26,23484.09
2025-06-20,104,392,1111,18,1095.2,0.079,2162.36,18391.68
2025-06-21,79,317,743,13,1103.78,0.0477,2895.49,13859.84
2025-06-22,80,337,818,9,1055.79,0.0704,1955.32,8390.49
2025-06-23,107,380,832,19,1114.09,0.0334,1781.15,17777.25
2025-06-24,86,333,783,16,1086.97,0.0743,1631.59,15426.1
2025-06-25,109,378,801,13,1067.06,0.0434,2531.16,15874.17
2025-06-26,98,345,792,17,1037.47,0.0802,687.76,16023.77
2025-06-27,92,357,823,17,1032.48,0.0701,2123.53,15264.37
2025-06-28,84,353,869,20,1045.03,0.0863,2738.74,19464.27
2025-06-29,79,286,599,14,1095.37,0.0373,2173.01,15385.59
2025-06-30,95,279,575,16,1084.29,0.0742,3124.73,16105.29
2025-07-01,68,320,884,14,971.47,0.1004,1477.18,10611.23
2025-07-02,79,295,734,9,1033.28,0.088,1112.98,8742.69
2025-07-03,65,285,645,10,1002.39,0.0827,2395.81,8388.7
2025-07-04,68,273,692,9,1007.8,0.0798,1763.77,7692.3
2025-07-05,43,222,449,11,1065.77,0.0767,1445.81,8875.91
2025-07-06,59,313,789,5,992.3,0.0757,1455.46,5352.62
2025-07-07,77,341,712,11,961.53,0.0871,1503.89,10668.82
2025-07-08,78,286,779,11,1021.56,0.059,1717.11,8670.82
2025-07-09,72,276,614,13,992.38,0.0732,1948.6,12308.48
2025-07-10,89,321,817,10,1012.3,0.0721,2482.62,7702.37
2025-07-11,85,359,868,17,934.78,0.0697,2693.59,13207.77
2025-07-12,60,280,780,8,894.59,0.0759,1435.29,6273.39
2025-07-13,67,284,824,8,927.36,0.0838,1184.28,5874.03
2025-07-14,77,310,774,9,963.0,0.1088,2498.43,7466.53
2025-07-15,78,316,748,15,988.75,0.089,1852.54,12834.3
2025-07-16,62,286,729,10,974.4,0.088,2004.52,10441.29
2025-07-17,73,293,788,11,989.94,0.0747,1840.98,10704.68
2025-07-18,73,266,588,9,1014.69,0.1057,1941.18,9901.22
2025-07-19,62,227,550,8,1001.46,0.0757,1509.87,6247.16
2025-07-20,50,251,605,4,1028.23,0.0678,1683.61,3753.09
2025-07-21,73,307,709,16,1064.37,0.0925,2544.49,14640.61
2025-07-22,66,304,609,15,935.2,0.1095,1585.12,12010.46
2025-07-23,68,299,740,9,946.87,0.1005,1792.15,6285.62
2025-07-24,79,248,530,9,1056.02,0.1025,1335.03,7536.26
2025-07-25,72,314,946,18,916.93,0.1131,2792.13,14218.67
2025-07-26,54,251,705,9,978.82,0.0918,924.84,7345.41
2025-07-27,62,267,714,11,995.36,0.0672,1704.94,9981.7
2025-07-28,67,262,588,8,1070.73,0.0559,1984.41,8367.46
2025-07-29,67,332,706,16,1033.7,0.088,1728.94,14110.93
2025-07-30,65,273,631,14,1010.76,0.0964,2998.93,12654.63
2025-07-31,72,266,537,10,947.77,0.1346,2444.86,6977.36
2025-08-01,63,295,574,13,992.31,0.1026,2775.66,11038.8
2025-08-02,54,295,711,10,956.64,0.0824,2701.45,7198.07
2025-08-03,82,324,870,11,1047.21,0.1035,2237.13,10081.3
2025-08-04,76,333,742,12,932.85,0.0593,1125.55,10826.73
2025-08-05,64,259,568,8,976.32,0.089,2035.21,8519.96
2025-08-06,71,282,582,11,939.61,0.0928,2411.5,9507.52
2025-08-07,77,318,849,15,985.48,0.124,2670.04,12307.76
2025-08-08,68,247,548,11,939.07,0.0902,1786.68,11298.62
2025-08-09,54,248,514,6,962.86,0.0811,1655.49,4353.08
2025-08-10,50,243,570,13,916.37,0.0824,1282.4,11303.36
2025-08-11,60,234,609,10,963.73,0.0694,2533.3,7984.25
2025-08-12,72,328,893,12,926.39,0.0836,2331.02,9314.1
2025-08-13,64,319,713,14,1011.4,0.0884,1972.67,13176.72
2025-08-14,70,319,586,16,988.99,0.0718,1558.77,14212.62
2025-08-15,72,258,484,9,957.61,0.0733,2124.67,8315.26
2025-08-16,64,280,578,1,882.44,0.0943,1296.79,3000.0
2025-08-17,57,261,599,6,878.61,0.0778,1956.12,4550.31
2025-08-18,70,276,728,14,938.91,0.0752,1306.15,10851.03
2025-08-19,63,270,560,12,980.75,0.0771,2212.83,10385.48
2025-08-20,68,302,672,14,923.44,0.1251,1337.71,10193.79
2025-08-21,70,288,555,11,978.64,0.0805,1281.13,8116.73
2025-08-22,64,273,786,10,915.99,0.0987,1943.89,7795.26
2025-08-23,61,303,891,7,949.32,0.0977,1604.34,5852.35
2025-08-24,53,231,599,2,932.03,0.0711,1082.64,4012.52
2025-08-25,66,277,819,12,907.74,0.079,1756.72,9497.34
2025-08-26,63,312,890,16,919.04,0.0799,1846.12,13974.48
2025-08-27,58,274,716,11,897.06,0.089,2409.94,7585.07
2025-08-28,69,356,914,16,889.17,0.0516,2578.53,13467.04
2025-08-29,81,306,639,14,882.44,0.0709,1528.55,14027.4
2025-08-30,54,250,591,14,917.82,0.077,1263.34,10735.69
2025-08-31,54,292,650,6,920.93,0.073,1535.65,6276.76
2025-09-01,194,750,2297,111,1067.79,0.1589,11626.08,121820.07
2025-09-02,207,616,1888,85,1092.0,0.1491,10791.19,97128.89
2025-09-03,201,717,2035,101,1140.1,0.1518,10384.35,119763.3
2025-09-04,196,788,2055,120,1123.36,0.1618,10321.24,139207.19
2025-09-05,192,799,1653,110,1126.66,0.1461,10748.83,130590.53
2025-09-06,168,550,1717,72,1091.44,0.1526,10693.08,81535.34
2025-09-07,164,620,1467,79,1101.32,0.162,10481.51,88878.82
2025-09-08,206,729,2312,102,1063.31,0.1755,10724.13,111201.45
2025-09-09,206,629,1426,85,1091.22,0.15,9156.14,97453.28
2025-09-10,198,758,2220,111,1167.37,0.1671,10920.5,132164.65
2025-09-11,205,676,1502,96,1093.29,0.1241,10901.24,112660.64
2025-09-12,206,818,1880,118,1066.13,0.1735,9224.24,128496.41
2025-09-13,176,636,1832,90,1100.53,0.1615,9901.98,103960.59
2025-09-14,163,632,1878,66,1091.43,0.1333,10805.09,76509.26
2025-09-15,196,713,2183,106,1121.52,0.1393,10893.08,127949.14
2025-09-16,207,616,1980,101,1091.62,0.1431,10766.4,117274.32
2025-09-17,200,733,2166,108,1058.84,0.1655,10475.7,117910.67
2025-09-18,218,714,1577,100,1099.48,0.1816,9773.23,109966.13
2025-09-19,193,753,1847,105,1122.21,0.1672,10132.56,122447.38
2025-09-20,150,556,1321,79,1159.31,0.1851,10662.45,93183.11
2025-09-21,168,676,1762,80,1083.55,0.1458,9855.46,90764.3
2025-09-22,196,635,1985,91,1083.8,0.1229,9911.99,107149.08
2025-09-23,204,607,1429,89,1162.01,0.1754,9764.36,106307.74
2025-09-24,211,639,1395,91,1057.39,0.1536,10321.03,101634.19
2025-09-25,122,492,1015,30,1094.59,0.0799,1862.84,31347.19
2025-09-26,117,421,1106,21,1112.78,0.0491,1697.1,22302.98
2025-09-27,85,291,638,17,1098.65,0.0556,1964.39,18645.75
2025-09-28,91,392,983,11,1125.77,0.0707,1576.93,12198.38
2025-09-29,112,342,898,23,1074.47,0.0829,2659.71,24234.24
2025-09-30,113,392,1053,21,1087.28,0.0547,2163.42,24330.7
2025-10-01,120,501,1017,25,1080.27,0.0865,450.0,27450.2
2025-10-02,111,407,1101,28,1074.46,0.0697,3219.67,30120.01
2025-10-03,112,370,823,19,1133.41,0.0403,2991.98,21655.39
2025-10-04,95,411,1148,21,1054.73,0.0735,3008.69,22038.69
2025-10-05,101,426,856,22,1095.92,0.0672,2796.48,24053.4
2025-10-06,113,436,1203,25,1062.4,0.0621,2956.23,25301.55
2025-10-07,133,467,929,39,1101.33,0.0758,3455.84,43719.77
2025-10-08,133,504,1169,44,1112.34,0.0883,3627.89,49094.38
2025-10-09,115,441,1240,35,1134.82,0.0813,3356.22,39263.46
2025-10-10,133,554,1577,50,1143.08,0.0954,3636.94,55982.39
2025-10-11,114,448,1003,31,1230.12,0.0582,2802.33,40853.04
2025-10-12,108,395,1045,31,1136.33,0.0779,3813.59,38089.71
2025-10-13,130,548,1261,40,1136.01,0.051,2596.15,47420.83
2025-10-14,110,418,819,18,1159.33,0.0895,2057.55,18031.46
2025-10-15,102,433,1038,25,1108.08,0.0604,1410.47,27028.89
2025-10-16,111,460,1039,25,1024.26,0.0776,2309.5,23849.24
2025-10-17,115,370,985,25,1067.27,0.0473,2501.4,29379.55
2025-10-18,97,324,884,13,1134.99,0.0459,1840.37,15098.46
2025-10-19,101,380,848,16,1066.02,0.0574,764.82,18475.7
2025-10-20,96,322,912,20,1051.46,0.0595,2043.13,20915.54
2025-10-21,108,356,771,17,1135.61,0.0742,1641.98,20376.06
2025-10-22,113,443,861,24,1135.74,0.0752,1954.56,27763.27
2025-10-23,114,378,953,22,1095.83,0.046,1964.89,25261.64
2025-10-24,112,383,1059,23,1143.76,0.0667,2488.45,26620.02
2025-10-25,90,309,680,19,1179.01,0.0338,1699.26,23961.95
2025-10-26,96,389,908,23,1060.49,0.0637,2541.18,22991.36
2025-10-27,119,387,717,26,1155.74,0.0826,2145.4,28346.67
2025-10-28,116,383,712,21,1091.07,0.072,1714.93,20860.64
2025-10-29,101,384,950,20,1197.49,0.0635,2189.62,21789.06
2025-10-30,106,360,957,23,1056.08,0.0728,2306.31,24195.48
2025-10-31,118,424,1003,25,1072.82,0.0437,3034.92,26386.81
2025-11-01,73,367,1043,9,1037.0,0.0833,1828.9,9144.44
2025-11-02,78,295,760,13,995.19,0.0829,2079.6,11500.11
2025-11-03,99,421,825,25,1062.37,0.1001,1953.15,25265.85
2025-11-04,93,407,1093,20,1041.61,0.084,2177.35,18424.52
2025-11-05,87,378,883,16,1020.54,0.0745,1452.58,15989.46
2025-11-06,81,332,668,16,1067.29,0.0781,1897.7,16092.98
2025-11-07,92,313,654,19,1044.82,0.0681,1778.14,19163.35
2025-11-08,67,257,520,16,1068.27,0.0939,868.5,15400.29
2025-11-09,61,273,498,7,1061.3,0.053,1959.08,8201.7
2025-11-10,81,352,679,21,1013.94,0.0346,1900.73,20854.78
2025-11-11,97,293,566,13,1039.75,0.0742,2053.25,14279.46
2025-11-12,92,343,822,16,1061.5,0.0675,1516.65,14781.37
2025-11-13,87,365,927,19,958.66,0.0806,1400.72,15633.51
2025-11-14,103,374,1052,23,1060.75,0.0687,2504.46,21859.26
2025-11-15,86,302,859,13,1125.57,0.099,1972.55,13154.55
2025-11-16,75,317,634,16,1089.98,0.0901,2198.9,14244.75
2025-11-17,101,344,916,15,1099.59,0.0665,2498.29,15664.74
2025-11-18,82,307,789,21,1039.42,0.0651,3196.0,19453.15
2025-11-19,83,356,658,17,1151.95,0.0782,1416.89,17925.73
2025-11-20,132,490,1359,63,985.57,0.1731,9534.41,60315.85
2025-11-21,134,533,1197,65,1048.36,0.1669,9111.45,65264.88
2025-11-22,109,497,1464,54,1064.15,0.1842,8422.36,55580.56
2025-11-23,105,539,1134,60,1064.18,0.2166,8483.98,58111.97
2025-11-24,158,567,1361,71,1110.25,0.1619,8711.55,76128.71
2025-11-25,136,535,1297,71,1076.31,0.1782,8946.71,72663.85
2025-11-26,154,592,1302,69,1048.62,0.1505,8726.51,72103.13
2025-11-27,138,474,1355,59,1009.16,0.1802,8628.24,55569.31
2025-11-28,145,595,1764,77,1040.66,0.2027,7338.22,73192.09
2025-11-29,123,439,1214,56,1076.48,0.1669,9238.38,60394.24
2025-11-30,109,466,1023,47,1048.79,0.1926,8472.57,45797.83
2025-12-01,86,322,624,15,1064.88,0.061,2375.01,16681.42
2025-12-02,90,389,1102,18,1036.01,0.0551,2053.86,18191.66
2025-12-03,91,401,1021,17,1010.64,0.0669,1516.6,18128.31
2025-12-04,84,387,1030,18,1136.54,0.07,1511.21,20317.95
2025-12-05,90,385,839,21,1106.99,0.0757,2271.69,18707.62
2025-12-06,77,295,553,15,1125.23,0.0756,1339.27,16040.48
2025-12-07,78,275,730,8,1109.27,0.0759,1289.45,8260.94
2025-12-08,73,263,522,17,1021.67,0.0848,1693.8,16224.99
2025-12-09,90,332,652,15,1028.51,0.0349,1855.1,14416.31
2025-12-10,82,263,518,14,1065.31,0.0649,2095.93,15113.2
2025-12-11,82,283,668,11,1015.81,0.0578,2628.81,10362.83
2025-12-12,97,418,950,16,1026.63,0.0623,2062.95,15690.7
2025-12-13,75,261,575,8,1119.21,0.0588,1135.76,8469.46
2025-12-14,70,299,681,12,1048.5,0.0802,1798.81,11051.78
2025-12-15,98,360,764,15,1093.62,0.0759,2740.68,14228.28
2025-12-16,89,327,729,16,1106.31,0.062,1605.26,16509.85
2025-12-17,88,377,1014,21,1076.72,0.0784,1697.7,19576.11
2025-12-18,89,298,689,12,1060.12,0.0492,1405.13,10584.93
2025-12-19,91,350,719,20,1133.09,0.0895,1589.96,22670.68
2025-12-20,73,328,791,14,1076.69,0.0773,1469.12,13201.11
2025-12-21,67,298,788,9,1072.86,0.0749,2012.09,8514.63
2025-12-22,86,404,811,24,1206.18,0.0893,1682.58,27539.08
2025-12-23,93,393,912,18,1126.67,0.0673,2327.28,17841.03
2025-12-24,49,279,600,14,1086.06,0.0617,2140.84,15249.12
2025-12-25,54,289,614,9,1111.01,0.0242,1834.92,8922.38
2025-12-26,61,262,656,15,1107.24,0.0578,2148.8,17451.59
2025-12-27,49,252,574,8,1092.96,0.0638,1091.68,8436.7
2025-12-28,46,235,596,9,1076.72,0.0856,1302.01,9263.25
2025-12-29,66,278,688,18,1079.62,0.0571,1506.54,18919.58
2025-12-30,59,306,537,13,1027.97,0.0514,2019.95,13487.31
2025-12-31,66,238,463,10,1133.11,0.0949,1856.77,11381.27
2026-01-01,117,449,897,26,1138.85,0.0599,2250.73,30308.59
2026-01-02,116,441,914,26,1088.66,0.0777,3272.14,28406.98
2026-01-03,96,438,1056,21,1158.99,0.0635,1841.77,23095.79
2026-01-04,93,351,966,21,1118.8,0.0618,2541.42,23431.97
2026-01-05,111,404,978,20,1065.42,0.0937,2923.01,18878.83
2026-01-06,118,416,944,22,1073.1,0.0761,2192.67,22148.94
2026-01-07,131,516,1282,29,1144.83,0.0758,2629.73,32159.82
2026-01-08,204,752,2172,85,1146.37,0.1575,9404.93,99270.78
2026-01-09,200,688,1948,103,1110.08,0.177,9294.66,115643.91
2026-01-10,159,667,1569,76,1112.37,0.1567,9376.57,89220.42
2026-01-11,153,561,1216,66,1163.38,0.1757,9403.03,77162.33
2026-01-12,200,662,1461,82,1076.83,0.1288,9858.72,93457.91
2026-01-13,201,756,2321,108,1114.33,0.1317,8837.2,126356.79
2026-01-14,194,766,2159,102,1034.53,0.1709,10537.99,107249.85
2026-01-15,222,722,1930,95,1148.7,0.14,9389.89,116601.49
2026-01-16,188,665,1798,87,1108.25,0.1491,8286.33,99030.45
2026-01-17,161,604,1493,77,1134.05,0.131,9602.88,94382.24
2026-01-18,169,637,1488,72,1124.79,0.143,8760.13,83685.83
2026-01-19,211,613,1808,84,1150.79,0.148,8911.73,100600.5
2026-01-20,199,805,1660,107,1151.02,0.15,9103.57,126069.62
2026-01-21,202,697,1522,89,1136.86,0.1384,8403.96,108681.98
2026-01-22,203,607,1712,85,1091.8,0.1448,9927.46,97623.29
2026-01-23,205,673,2183,91,1124.33,0.1602,9866.91,105128.23
2026-01-24,181,652,1816,72,1215.11,0.1313,9963.21,93281.69
2026-01-25,108,372,724,22,1095.96,0.0322,1839.64,24449.59
2026-01-26,123,392,802,22,1154.09,0.0613,2325.56,25500.51
2026-01-27,130,426,1068,26,1169.15,0.0565,3472.07,30797.63
2026-01-28,131,450,1241,26,1048.5,0.0906,2418.39,25784.13
2026-01-29,117,436,824,22,1134.89,0.0595,2703.07,25284.03
2026-01-30,115,410,1141,27,1158.35,0.0979,2122.53,29366.93
2026-01-31,111,346,776,12,1073.12,0.0763,2822.8,13079.29
2026-02-01,120,474,1276,18,1194.97,0.0838,1332.39,20661.48
2026-02-02,133,485,1095,19,1197.08,0.0687,2383.72,21449.89
2026-02-03,134,424,853,18,1138.27,0.0589,1758.4,19927.39
2026-02-04,128,387,928,16,1163.77,0.0785,2158.8,15447.44
2026-02-05,143,470,1040,34,1084.04,0.0425,3388.36,36069.64
2026-02-06,145,516,1034,32,1161.68,0.0655,3367.84,37683.36
2026-02-07,126,448,1282,31,1211.88,0.0566,3584.69,38511.02
2026-02-08,122,521,1377,22,1249.79,0.0851,3310.09,26773.53
2026-02-09,158,612,1786,52,1206.05,0.0699,4539.97,61706.84
2026-02-10,147,553,1620,36,1148.58,0.0799,3937.09,42175.61
2026-02-11,144,435,1130,28,1195.36,0.0818,3509.41,31642.53
2026-02-12,128,454,1341,20,1073.28,0.0759,3213.5,18326.41
2026-02-13,130,493,1089,25,1152.25,0.0795,2977.16,23980.09
2026-02-14,115,427,805,21,1184.55,0.0899,1452.24,23949.58
2026-02-15,112,451,1081,16,1233.95,0.0349,2908.37,18923.2
2026-02-16,137,537,1060,32,1181.76,0.0658,3471.34,34504.69
2026-02-17,119,417,853,19,1193.32,0.058,1372.79,22435.59
2026-02-18,139,439,981,25,1098.5,0.0536,2359.55,27732.57
2026-02-19,146,567,1447,29,1142.8,0.0538,3631.44,31746.28
2026-02-20,143,518,1257,31,1197.58,0.0712,3472.26,34877.0
2026-02-21,103,378,786,19,1230.71,0.0612,2921.16,21415.83
2026-02-22,127,449,1154,19,1166.99,0.0565,2214.92,21521.72
2026-02-23,150,449,1086,24,1115.38,0.083,3178.09,23990.67
2026-02-24,129,498,1137,23,1152.08,0.0769,2518.25,24285.43
2026-02-25,153,421,1181,18,1193.49,0.0917,1496.52,19431.6
2026-02-26,141,475,980,30,1190.32,0.059,3159.02,33795.04
2026-02-27,147,577,1445,26,1137.64,0.0788,2061.98,27526.32
2026-02-28,111,369,778,17,1171.07,0.0893,3193.69,18077.29
2026-03-01,99,305,851,12,1159.43,0.0547,2465.14,13355.44
2026-03-02,121,457,1012,26,1040.64,0.0615,2284.72,27083.2
2026-03-03,118,387,813,21,1154.08,0.0776,2484.3,23590.62
2026-03-04,118,439,1270,16,1197.85,0.04,2422.54,19203.24
2026-03-05,108,459,999,24,1128.19,0.0998,3710.23,24125.32
2026-03-06,122,483,963,24,1179.04,0.0522,2289.71,25183.69
2026-03-07,84,322,575,16,1160.8,0.0305,3223.76,17339.65
2026-03-08,97,408,982,12,1181.5,0.0506,2133.06,12920.16
2026-03-09,124,405,847,20,1138.07,0.0493,2839.29,22308.85
2026-03-10,125,382,929,12,1166.29,0.09,1777.31,12336.97
2026-03-11,117,368,790,22,1165.42,0.0392,3114.56,24551.29
2026-03-12,181,619,1416,68,1121.56,0.1478,6764.89,69032.11
2026-03-13,175,632,1941,68,1210.4,0.1131,7167.77,82065.75
2026-03-14,141,534,1252,45,1134.22,0.1263,6947.99,52699.14
2026-03-15,131,505,1062,46,1147.39,0.1245,6868.65,50378.05
2026-03-16,174,692,1732,76,1177.96,0.142,6967.9,88031.76
2026-03-17,173,601,1700,70,1134.59,0.1236,7677.61,80703.08
2026-03-18,172,601,1598,62,1191.83,0.102,7586.59,76161.69
2026-03-19,182,556,1570,54,1108.15,0.1034,7196.15,61298.93
2026-03-20,158,532,1534,55,1213.86,0.1116,7817.11,68868.36
2026-03-21,139,543,1545,57,1172.87,0.1373,7132.35,65156.07
2026-03-22,138,517,1526,40,1184.53,0.0957,6742.9,45589.85
2026-03-23,166,622,1557,61,1147.6,0.1092,6103.26,66996.13
2026-03-24,116,346,816,17,1072.86,0.0749,2758.19,15167.88
2026-03-25,123,450,1167,26,1098.76,0.061,1933.19,26727.4
2026-03-26,130,485,1342,31,1144.3,0.1043,2309.84,33985.72
2026-03-27,126,478,1283,22,1208.95,0.0758,2975.73,24639.61
2026-03-28,99,387,712,10,1142.43,0.0813,1805.83,9728.38
2026-03-29,99,377,745,16,1161.72,0.0734,2950.99,18886.07
2026-03-30,131,501,969,24,1192.51,0.044,2579.56,28204.23
2026-03-31,110,358,758,15,1207.83,0.0858,3543.19,17563.4
2026-04-01,119,383,941,24,1154.7,0.0714,2617.03,26152.96
2026-04-02,131,503,1040,27,1157.56,0.0583,2528.73,29007.08
2026-04-03,123,416,746,25,1168.59,0.0966,1927.48,25818.04
2026-04-04,97,376,844,18,1238.61,0.0492,1854.35,20002.77
2026-04-05,106,446,898,24,1085.52,0.0838,2355.6,23092.56
2026-04-06,127,449,975,23,1205.99,0.0538,2315.17,26705.33
2026-04-07,124,402,702,25,1127.8,0.0577,2578.0,25830.97
2026-04-08,121,468,1109,25,1268.52,0.0539,2839.8,30332.64
2026-04-09,116,459,1253,27,1159.25,0.0547,2383.89,28952.56
2026-04-10,117,392,847,13,1164.22,0.0522,1824.06,15062.1
2026-04-11,104,454,1234,21,1211.66,0.0666,2410.49,23468.05
2026-04-12,110,343,834,12,1199.26,0.0911,1773.69,14386.99
2026-04-13,124,427,785,21,1192.56,0.0479,2806.18,24321.85
2026-04-14,120,395,745,19,1173.44,0.0805,2265.32,19571.13
2026-04-15,133,476,979,15,1182.47,0.0589,2079.45,18430.02
2026-04-16,137,417,1004,23,1191.36,0.0985,1755.53,25019.31
2026-04-17,126,433,1075,14,1286.05,0.0555,1760.98,15991.5
2026-04-18,106,337,739,16,1141.6,0.0728,3443.48,18259.78
2026-04-19,105,343,761,13,1103.4,0.072,1886.19,12611.82
2026-04-20,128,410,1082,23,1180.74,0.0416,2494.28,26143.53
2026-04-21,111,354,819,13,1096.4,0.0463,2471.44,13812.84
2026-04-22,124,383,999,22,1236.1,0.0516,2877.64,24914.54
2026-04-23,118,465,1272,18,1129.52,0.0756,2233.37,18033.14
2026-04-24,131,462,1174,20,1127.18,0.051,2376.59,21407.84
2026-04-25,106,431,966,21,1168.53,0.0683,2610.18,21184.0
2026-04-26,108,374,794,16,1220.67,0.0538,1688.26,17280.75
2026-04-27,103,355,934,19,1158.77,0.0708,2391.46,20617.99
2026-04-28,123,447,844,21,1144.7,0.0663,1547.66,22787.43
2026-04-29,113,382,809,12,1115.56,0.0697,2699.74,11237.02
2026-04-30,128,454,883,27,1108.95,0.02,2862.58,31148.62
